Anupriya Kumari,MSAI22R004,anupriyam282000@gmail.com

Athar Obaid Khan,MSAI22R006,athar.baghra@gmail.com

Muhammed Anshad M K,MSAI22R012,anshadpsy01@gmail.com

K V Praveen Kumar Reddy,MSCS22R007,kvpkr2092@gmail.com

Rustham Shahan. V,MSDS22R011,rusthamshahan@gmail.com

Ishika Mandal,MSCS22R006,ishikamandal063@gmail.com

Varadha s ajith,MSCS22R016,varadhaajith06@gmail.com

Nagam Venkateswarlu,MSDS22RO15venkateswarlunagam225@gmail.com










